{
  "total_episodes": 20,
  "valid_episodes": 9,
  "total_steps": 123,
  "avg_reward": 12.229777559437224,
  "collection_time": 100.9993028640747
}