{
  "total_episodes": 5,
  "valid_episodes": 5,
  "total_steps": 2255,
  "avg_reward": 372.8266666666676,
  "collection_time": 2.882025957107544
}